<?xml version="1.0" encoding="UTF-8"?>
<project-private xmlns="http://www.netbeans.org/ns/project-private/1">
    <editor-bookmarks xmlns="http://www.netbeans.org/ns/editor-bookmarks/2" lastBookmarkId="0"/>
    <open-files xmlns="http://www.netbeans.org/ns/projectui-open-files/2">
        <group>
            <file>file:/E:/SHERIDAN/TERM-3/JAVA/programs/PatelArk-ClassEx4-UserRealm-PartA/web/ServerApplication.jsp</file>
            <file>file:/E:/SHERIDAN/TERM-3/JAVA/programs/PatelArk-ClassEx4-UserRealm-PartA/web/index.jsp</file>
            <file>file:/E:/SHERIDAN/TERM-3/JAVA/programs/PatelArk-ClassEx4-UserRealm-PartA/web/META-INF/context.xml</file>
            <file>file:/E:/SHERIDAN/TERM-3/JAVA/programs/PatelArk-ClassEx4-UserRealm-PartA/web/AdminApplication.jsp</file>
            <file>file:/E:/SHERIDAN/TERM-3/JAVA/programs/PatelArk-ClassEx4-UserRealm-PartA/web/WEB-INF/Test.jsp</file>
            <file>file:/E:/SHERIDAN/TERM-3/JAVA/programs/PatelArk-ClassEx4-UserRealm-PartA/src/java/controller/TestAdmin1.java</file>
        </group>
    </open-files>
</project-private>
