<?xml version="1.0" encoding="UTF-8"?>
<project-private xmlns="http://www.netbeans.org/ns/project-private/1">
    <editor-bookmarks xmlns="http://www.netbeans.org/ns/editor-bookmarks/2" lastBookmarkId="0"/>
    <open-files xmlns="http://www.netbeans.org/ns/projectui-open-files/2">
        <group>
            <file>file:/E:/SHERIDAN/TERM-3/JAVA/programs/PatelArk-Assign1/src/java/model/Appointment.java</file>
            <file>file:/E:/SHERIDAN/TERM-3/JAVA/programs/PatelArk-Assign1/web/output.jsp</file>
            <file>file:/E:/SHERIDAN/TERM-3/JAVA/programs/PatelArk-Assign1/web/input.jsp</file>
            <file>file:/E:/SHERIDAN/TERM-3/JAVA/programs/PatelArk-Assign1/web/index.jsp</file>
            <file>file:/E:/SHERIDAN/TERM-3/JAVA/programs/PatelArk-Assign1/src/java/controller/BookAppointment.java</file>
        </group>
    </open-files>
</project-private>
