<?xml version="1.0" encoding="UTF-8"?>
<project-private xmlns="http://www.netbeans.org/ns/project-private/1">
    <editor-bookmarks xmlns="http://www.netbeans.org/ns/editor-bookmarks/2" lastBookmarkId="0"/>
    <open-files xmlns="http://www.netbeans.org/ns/projectui-open-files/2">
        <group>
            <file>file:/E:/SHERIDAN/TERM-3/JAVA/programs/PatelArk-Assign3/src/java/controller/Ques2.java</file>
            <file>file:/E:/SHERIDAN/TERM-3/JAVA/programs/PatelArk-Assign3/src/java/controller/Ques4.java</file>
            <file>file:/E:/SHERIDAN/TERM-3/JAVA/programs/PatelArk-Assign3/src/java/controller/Ques1.java</file>
            <file>file:/E:/SHERIDAN/TERM-3/JAVA/programs/PatelArk-Assign3/src/java/controller/name.java</file>
            <file>file:/E:/SHERIDAN/TERM-3/JAVA/programs/PatelArk-Assign3/src/java/controller/Ques3.java</file>
            <file>file:/E:/SHERIDAN/TERM-3/JAVA/programs/PatelArk-Assign3/web/page2.jsp</file>
            <file>file:/E:/SHERIDAN/TERM-3/JAVA/programs/PatelArk-Assign3/web/page1.jsp</file>
            <file>file:/E:/SHERIDAN/TERM-3/JAVA/programs/PatelArk-Assign3/web/page3.jsp</file>
            <file>file:/E:/SHERIDAN/TERM-3/JAVA/programs/PatelArk-Assign3/web/page6.jsp</file>
            <file>file:/E:/SHERIDAN/TERM-3/JAVA/programs/PatelArk-Assign3/web/page5.jsp</file>
            <file>file:/E:/SHERIDAN/TERM-3/JAVA/programs/PatelArk-Assign3/src/java/model/Survey.java</file>
            <file>file:/E:/SHERIDAN/TERM-3/JAVA/programs/PatelArk-Assign3/web/page4.jsp</file>
        </group>
    </open-files>
</project-private>
